{"cameraMode":{"drawMode":0,"name":"Shaded","section":"Shading Mode"},"sceneLighting":true,"audioPlay":false,"sceneViewState":{"m_AlwaysRefresh":false,"showFog":true,"showSkybox":true,"showFlares":true,"showImageEffects":true,"showParticleSystems":true,"showVisualEffectGraphs":true,"m_FxEnabled":true},"in2DMode":false,"pivot":{"x":-0.3924141526222229,"y":0.5225365161895752,"z":0.41672247648239138},"rotation":{"x":-0.00011102324788225815,"y":-0.9332299828529358,"z":0.35928434133529665,"w":-0.00026391021674498916},"size":8.94951343536377,"orthographic":true}