{"cameraMode":{"drawMode":0,"name":"Shaded","section":"Shading Mode"},"sceneLighting":true,"audioPlay":false,"sceneViewState":{"m_AlwaysRefresh":false,"showFog":true,"showSkybox":true,"showFlares":true,"showImageEffects":true,"showParticleSystems":true,"showVisualEffectGraphs":true,"m_FxEnabled":true},"in2DMode":false,"pivot":{"x":0.12071104347705841,"y":5.202554225921631,"z":-3.293164014816284},"rotation":{"x":0.4173167049884796,"y":0.005999738350510597,"z":-0.0027545385528355839,"w":0.9087385535240173},"size":9.591439247131348,"orthographic":true}